<?xml version="1.0" encoding="UTF-8"?>
<project-private xmlns="http://www.netbeans.org/ns/project-private/1">
    <editor-bookmarks xmlns="http://www.netbeans.org/ns/editor-bookmarks/2" lastBookmarkId="0"/>
    <open-files xmlns="http://www.netbeans.org/ns/projectui-open-files/2">
        <group>
            <file>file:/C:/Users/Administrator/Documents/NetBeansProjects/StockInformation/test/dye/micheal/test/domain/FakeStocks.java</file>
            <file>file:/C:/Users/Administrator/Documents/NetBeansProjects/StockInformation/src/dye/micheal/domain/Stock.java</file>
            <file>file:/C:/Users/Administrator/Documents/NetBeansProjects/StockInformation/src/dye/micheal/domain/StockInformation.java</file>
            <file>file:/C:/Users/Administrator/Documents/NetBeansProjects/StockInformation/src/dye/micheal/interfaces/StockWebService.java</file>
            <file>file:/C:/Users/Administrator/Documents/NetBeansProjects/StockInformation/test/dye/micheal/tests/FakeWebServices.java</file>
            <file>file:/C:/Users/Administrator/Documents/NetBeansProjects/StockInformation/test/dye/micheal/tests/StockInformationTest.java</file>
        </group>
    </open-files>
</project-private>
